{
  "timestamp": "2024-11-03T16:50:44.857985",
  "config": {
    "datasets": [
      {
        "dataset": "IRMAS-2",
        "method": "last",
        "segment": null,
        "stride": null,
        "merge_subfolders": false
      }
    ],
    "umap": {
      "n_neighbors": 100,
      "min_dist": 0.5
    }
  },
  "confusion_matrix": [
    [
      46,
      6,
      0,
      6,
      2,
      9,
      5,
      4
    ],
    [
      5,
      57,
      1,
      1,
      8,
      20,
      7,
      2
    ],
    [
      1,
      1,
      0,
      0,
      3,
      1,
      0,
      1
    ],
    [
      3,
      5,
      0,
      106,
      6,
      6,
      5,
      6
    ],
    [
      3,
      10,
      0,
      11,
      103,
      10,
      3,
      4
    ],
    [
      8,
      13,
      0,
      6,
      10,
      52,
      22,
      14
    ],
    [
      2,
      8,
      0,
      5,
      4,
      30,
      61,
      5
    ],
    [
      5,
      7,
      0,
      8,
      3,
      11,
      4,
      118
    ]
  ],
  "metrics": {
    "f1": 0.5433982204768083,
    "recall": 0.5432431837401388,
    "precision": 0.5444426432225874,
    "per_class": {
      "precision": [
        0.6301369863013698,
        0.5327102803738317,
        0.0,
        0.7412587412587412,
        0.7410071942446043,
        0.37410071942446044,
        0.5700934579439252,
        0.7662337662337663
      ],
      "recall": [
        0.5897435897435898,
        0.5643564356435643,
        0.0,
        0.7737226277372263,
        0.7152777777777778,
        0.416,
        0.5304347826086957,
        0.7564102564102564
      ],
      "f1": [
        0.609271523178808,
        0.5480769230769231,
        0.0,
        0.7571428571428571,
        0.7279151943462897,
        0.3939393939393939,
        0.5495495495495496,
        0.7612903225806451
      ]
    },
    "confidence": {
      "mean": 0.8156651938280423,
      "std": 0.1909186638311298
    }
  },
  "class_names": [
    "IRMAS-2/cel",
    "IRMAS-2/cla",
    "IRMAS-2/gac",
    "IRMAS-2/org",
    "IRMAS-2/pia",
    "IRMAS-2/sax",
    "IRMAS-2/tru",
    "IRMAS-2/voi"
  ]
}