{
  "timestamp": "2024-11-03T16:15:31.102681",
  "config": {
    "datasets": [
      {
        "dataset": "IRMAS-2",
        "method": "last",
        "segment": null,
        "stride": null,
        "merge_subfolders": false
      }
    ],
    "umap": {
      "n_neighbors": 100,
      "min_dist": 0.5
    }
  },
  "confusion_matrix": [
    [
      46,
      6,
      0,
      6,
      2,
      9,
      5,
      4
    ],
    [
      5,
      57,
      1,
      1,
      8,
      20,
      7,
      2
    ],
    [
      1,
      1,
      0,
      0,
      3,
      1,
      0,
      1
    ],
    [
      3,
      5,
      0,
      106,
      6,
      6,
      5,
      6
    ],
    [
      3,
      10,
      0,
      11,
      103,
      10,
      3,
      4
    ],
    [
      8,
      13,
      0,
      6,
      10,
      52,
      22,
      14
    ],
    [
      2,
      8,
      0,
      5,
      4,
      30,
      61,
      5
    ],
    [
      5,
      7,
      0,
      8,
      3,
      11,
      4,
      118
    ]
  ],
  "metrics": {
    "f1": 0.5433982204768083,
    "recall": 0.5432431837401388,
    "precision": 0.5444426432225874,
    "confidence": {
      "mean": 0.8156651938280423,
      "std": 0.1909186638311298
    }
  }
}